sku,url
"81420997",""
"81611027",""
"81711107",""
"82010997",""
"82121077",""
"83121057",""
"83221037",""
"84010007",""
"84111017",""
"84210997",""
"84311007",""
"84520997",""
"84530997",""
"84711037",""
"86021007",""
"86111007",""
"89351005",""
"89381055",""
"CARGARAPIDA",""
"FUNDA-IPHONE",""
"S3-W120A1DA",""
"S3-W181L1DA",""
"S3-W24121DA",""
"S4-W36R43FA",""
"CCE116-1X",""
"CH64CCB",""
"CMB955X",""
"CVMA60N",""
"ELIOE91MF-12",""
"EVC915SK-12",""
"FCP605-CHG6",""
"FCXNE825VX",""
"MEC440TXNE",""
"MH6032GAS",""
"MH6535GIS",""
"MH7032JAS",""
"PCI27XCH64CCBA",""
"CCHH3012EAR",""
"CHSBSO6174XWD",""
"CNCHQ4S520EWAR",""
"GM57SXM",""
"GS66SPPT",""
"VB33BPM",""
"VT40APM",""
"WRA08MEDIM",""
"WRE25AB",""
"WRM42MBDIM",""
"WRM42MKDIM",""
"CDPH2D1047S-12",""
"CTL7G1-12",""
"TCA273D2-12",""
"TCA474TMR5-12",""
"WD15EGNTSPG",""
"WD90VVC4S6",""
"WD90WVC4S6",""
"WIO3P33PLAG-12",""
"WM10BVC4S6",""
"WM10VVC4S6",""
"5KSM150PS",""
"AIR700AR",""
"CPB800AR",""
"CPT180AR",""
"LKEK1701",""
"LKFC3516",""
"LKMT2109",""
"LKMT4109",""
"LKSB2072",""
"RKCO128RBM",""
"RKCO224RBM",""
"RKSM175",""
"RKSM60SPXRER",""
"RKSM70",""
"TOA70AR",""
"WAFV100AR",""
"82XQ00FDAR",""
"82XQ00RYAR",""
"90NB0X22-M01FD0",""
"90NB0ZT2-M00WF0",""
"90NB10N3-M01AV0",""
"APPLEWATCH-S11-42MM",""
"APPLEWATCH-S11-46MM",""
"APPLEWATCH-ULTRA3GPS49MM",""
"B4HN6UA",""
"IPAD-A16-128GB",""
"MACBOOK-AIR-M5-8CORE-1TB",""
"MACBOOK-AIR-M5-8CORE-512GB",""
"MACBOOK-NEO-8GB-256GB",""
"MACBOOK-NEO-8GB-512GB",""
"MACBOOK-PRO-14-M5-16GB-1TB",""
"MACBOOK-PRO-14-M5-24GB-1TB",""
"PS5-DIGITAL",""
"PS5SLIM",""
"100QNED85BS",""
"86MRG85BSC",""
"98UT9050",""
"OLED65G6PSA",""
"OLED77G6PSA",""
"OLED83C6PSA",""
"STAGE301",""
"UN65DU7000GCZB",""
"UN75DU7000GCZB",""